{"labels": ["Tencent", "NVIDIA", "Alphabet", "Apple", "Microsoft", "Alibaba", "Amazon", "HSBC", "Meta", "China Mobile", "Tesla", "Broadcom", "Ping An", "CNOOC", "Berkshire", "AIA", "Xiaomi", "JPMorgan", "Visa", "NetEase", "Exxon", "Meituan", "J&J", "HKEX", "Mastercard", "Oracle", "Costco", "AbbVie", "AMD", "Home Depot"], "parents": ["", "", "", "", "", "", "", "", "", "", "", "", "", "", "", "", "", "", "", "", "", "", "", "", "", "", "", "", "", ""], "values": [5033823861528.0, 4390737890838.623, 4114608960997.601, 3960797259956.238, 3053492868890.5396, 3046225977624.5, 2550899292346.4995, 2386064817243.0, 1749693545327.1626, 1737062999202.2505, 1583376167904.4019, 1518772172369.1047, 1395497327165.0376, 1168875281538.7493, 1065162436422.3179, 948865182103.9946, 878115585009.729, 857104300510.9705, 632605824009.3119, 618391699298.4127, 606133195826.2747, 562747891740.191, 561606702981.3704, 531093864149.15594, 492033964693.8684, 444535649707.3822, 434155089772.19257, 398828022529.4758, 394165138243.0777, 379389433009.6199], "changes": [-2.57, -0.72, -0.07, 0.46, -0.74, -2.37, -1.01, -0.73, -2.95, -1.36, 3.32, 0.17, -0.82, -2.4, 0.78, -0.66, -3.06, -0.17, -3.0, -0.77, 0.63, -1.42, -0.02, -2.7, -0.91, -2.62, -1.19, 1.17, -6.13, 0.75], "title": "🌍 글로벌 주요 종목 (2026-01-30)"}