{"labels": ["0700.HK", "NVDA", "GOOGL", "GOOG", "AAPL", "MSFT", "9988.HK", "AMZN", "0005.HK", "0941.HK", "META", "TSLA", "AVGO", "2318.HK", "0883.HK", "BRK-B", "WMT", "LLY", "1299.HK", "1810.HK", "JPM", "V", "9999.HK", "XOM", "JNJ", "3690.HK", "0388.HK", "MA", "MU", "COST", "BAC", "HD", "ABBV", "PG", "CVX", "0016.HK", "AMD", "CAT", "NFLX", "KO", "9618.HK", "CSCO", "GE", "MRK", "WFC", "LRCX", "GS", "PM", "RTX", "IBM"], "parents": ["", "", "", "", "", "", "", "", "", "", "", "", "", "", "", "", "", "", "", "", "", "", "", "", "", "", "", "", "", "", "", "", "", "", "", "", "", "", "", "", "", "", "", "", "", "", "", "", "", ""], "values": [5033823861528.0, 4370549526062.0117, 4133867191089.1445, 4130075963657.0, 4078233545161.804, 3066153693367.9604, 3046225977624.5, 2540583273044.625, 2386064817243.0, 1737062999202.2505, 1715949207505.005, 1584239268486.171, 1503623912547.367, 1395497327165.0376, 1168875281538.7493, 1075150906830.1589, 1021129330889.7747, 963287654155.7527, 948865182103.9946, 878115585009.729, 864568755689.6692, 629855628785.0, 618391699298.4127, 613871723043.2896, 563119717953.5674, 562747891740.191, 531093864149.15594, 487321113729.6579, 462870732715.32007, 440672385306.9894, 405580609532.63434, 385660140653.096, 367775061600.5242, 366979340101.709, 361083455048.1748, 358165637568.3382, 344377662455.39154, 338616559825.66315, 337781659665.83215, 334201275200.55994, 333013262218.7411, 332208038091.7102, 328521805457.0964, 298455117843.76196, 293112019109.25, 286877244333.8013, 282370674913.7267, 277042790854.2439, 269092924667.68875, 265642400475.20837], "changes": [-2.57, -0.72, -0.07, -0.04, 0.46, -0.74, -2.37, -1.01, -0.73, -1.36, -2.95, 3.32, 0.17, -0.82, -2.4, 0.78, 1.47, 1.27, -0.66, -3.06, -0.17, -3.0, -0.77, 0.63, -0.02, -1.42, -2.7, -0.91, -4.8, -1.19, 0.23, 0.75, 1.17, 1.25, 3.34, 0.88, -6.13, -1.18, 0.4, 1.88, -1.92, -0.14, 2.65, 1.78, -0.17, -5.93, -0.5, 0.87, 0.53, -0.82], "title": "🌍 글로벌 주요 종목"}