{"labels": ["0700.HK", "9988.HK", "0005.HK", "0941.HK", "2318.HK", "0883.HK", "1299.HK", "1810.HK", "9999.HK", "3690.HK", "0388.HK", "0016.HK", "9618.HK", "0001.HK", "0066.HK", "2020.HK", "0027.HK", "0175.HK", "1038.HK", "0012.HK", "1928.HK", "0003.HK", "0006.HK", "2382.HK", "0017.HK"], "parents": ["", "", "", "", "", "", "", "", "", "", "", "", "", "", "", "", "", "", "", "", "", "", "", "", ""], "values": [5033823861528.0, 3046225977624.5, 2386064817243.0, 1737062999202.2505, 1395497327165.0376, 1168875281538.7493, 948865182103.9946, 878115585009.729, 618391699298.4127, 562747891740.191, 531093864149.15594, 358165637568.3382, 333013262218.7411, 250101917538.36823, 226852774505.5, 219700625703.99377, 185417052456.6391, 172436880610.535, 162136960530.47882, 155311703953.16437, 144385892692.39172, 142188208018.92734, 131276074234.5916, 64014580207.52716, 26902452943.992615], "changes": [-2.57, -2.37, -0.73, -1.36, -0.82, -2.4, -0.66, -3.06, -0.77, -1.42, -2.7, 0.88, -1.92, -4.6, -0.8, -3.04, -1.73, -4.23, -0.77, -1.95, -1.79, -0.27, -0.9, -0.48, 2.25], "title": "🇭🇰 항셍지수 (25개)"}