{"labels": ["NVIDIA", "Alphabet", "Apple", "Microsoft", "Amazon", "Meta", "Tesla", "Broadcom", "Berkshire", "JPMorgan", "Visa", "Exxon", "J&J", "Mastercard", "Oracle", "Costco", "AbbVie", "AMD", "Home Depot", "P&G", "Chevron", "Netflix", "Coca-Cola", "Cisco", "Merck", "IBM", "UnitedHealth", "Intel", "PepsiCo", "Thermo Fisher"], "parents": ["", "", "", "", "", "", "", "", "", "", "", "", "", "", "", "", "", "", "", "", "", "", "", "", "", "", "", "", "", ""], "values": [4390737890838.623, 4114608960997.601, 3960797259956.238, 3053492868890.5396, 2550899292346.4995, 1749693545327.1626, 1583376167904.4019, 1518772172369.1047, 1065162436422.3179, 857104300510.9705, 632605824009.3119, 606133195826.2747, 561606702981.3704, 492033964693.8684, 444535649707.3822, 434155089772.19257, 398828022529.4758, 394165138243.0777, 379389433009.6199, 362941471945.4277, 355964901164.5255, 339096667458.31586, 330908972379.52997, 328375471542.48676, 289343198130.9247, 275101916195.7916, 257421212397.0398, 246012541913.0, 222954231027.5841, 214187417445.12604], "changes": [-0.72, -0.07, 0.46, -0.74, -1.01, -2.95, 3.32, 0.17, 0.78, -0.17, -3.0, 0.63, -0.02, -0.91, -2.62, -1.19, 1.17, -6.13, 0.75, 1.25, 3.34, 0.4, 1.88, -0.14, 1.78, -0.82, -1.83, -4.5, 3.32, -2.29], "title": "🇺🇸 S&P 500 주요 종목"}